{
    "mean": [
        0.5451973676681519,
        0.800347089767456,
        0.9647648930549622
    ],
    "std": [
        0.12406390002525795,
        0.12915409980654016,
        0.11060879157013749
    ]
}